Date,City,Country,Venue,Opening acts,Attendance,Revenue,Venue_Capacity,Tour_ID,Venue_ID,Album_Name,Latitude,Longitude
2009-04-23,Evansville,United States,Roberts Municipal Stadium,"Gloriana
Kellie Pickler",7463.0,360617.0,7463.0,1,174,nan,,
2009-04-24,Jonesboro,United States,Convocation Center,"Gloriana
Kellie Pickler",7822.0,340328.0,7822.0,1,59,nan,,
2009-04-25,St. Louis,United States,Scottrade Center,"Gloriana
Kellie Pickler",13764.0,650420.0,13764.0,1,185,nan,,
2009-04-28,Alexandria,United States,Bishop Ireton High School,"Gloriana
Kellie Pickler",,,,1,36,nan,,
2009-04-30,North Charleston,United States,North Charleston Coliseum,"Gloriana
Kellie Pickler",8751.0,398154.0,8751.0,1,145,nan,,
2009-05-01,Jacksonville,United States,Jacksonville Veterans Memorial Arena,"Gloriana
Kellie Pickler",11072.0,507012.0,11072.0,1,100,nan,,
2009-05-02,Biloxi,United States,Mississippi Coast Coliseum,"Gloriana
Kellie Pickler",9436.0,437313.0,9436.0,1,131,nan,,
2009-05-06,London,England,Shepherd'S Bush Empire,—,3395.0,200664.0,3395.0,1,186,nan,,
2009-05-07,London,England,Shepherd'S Bush Empire,—,3394.0,200664.0,3394.0,1,186,nan,,
2009-05-14,Spokane,United States,Spokane Arena,"Gloriana
Kellie Pickler",10798.0,482146.0,10798.0,1,194,nan,,
2009-05-15,Seattle,United States,Keyarena,"Gloriana
Kellie Pickler",12061.0,528637.0,12061.0,1,104,nan,,
2009-05-16,Portland,United States,Rose Garden Arena,"Gloriana
Kellie Pickler",13226.0,613284.0,13226.0,1,179,nan,,
2009-05-17,Nampa,United States,Ford Arena,"Gloriana
Kellie Pickler",8970.0,413622.0,8970.0,1,76,nan,,
2009-05-21,Glendale,United States,Jobing.Com Arena,"Gloriana
Kellie Pickler",13052.0,647923.0,13052.0,1,101,nan,,
2009-05-22,Los Angeles,United States,Staples Center,"Gloriana
Kellie Pickler",4550.0,240314.0,4550.0,1,0,nan,,
2009-05-23,Paradise,United States,Mandalay Bay Events Center,"Gloriana
Kellie Pickler",8311.0,551051.0,8311.0,1,119,nan,,
2009-05-24,San Diego,United States,Valley View Casino Center,"Gloriana
Kellie Pickler",10174.0,502689.0,10174.0,1,220,nan,,
2009-05-26,Salt Lake City,United States,Energysolutions Arena,"Gloriana
Kellie Pickler",13042.0,555207.0,13042.0,1,64,nan,,
2009-06-04,New Brockton,United States,Bamajam Farms,—,,,,1,27,nan,,
2009-06-11,Columbia,United States,Merriweather Post Pavilion,"Gloriana
Kellie Pickler",17619.0,608438.0,17619.0,1,128,nan,,
2009-06-12,Greensboro,United States,Greensboro Coliseum,"Gloriana
Kellie Pickler",14641.0,690959.0,14641.0,1,89,nan,,
2009-06-24,Oshkosh,United States,Ford Festival Park,—,,,,1,78,nan,,
2009-06-25,Cadott,United States,Amphitheatre Concert Grounds,—,,,,1,16,nan,,
2009-07-08,Calgary,Canada,Pengrowth Saddledome,"Gloriana
Kellie Pickler",,,,1,159,nan,,
2009-07-09,Edmonton,Canada,Rexall Place,—,33910.0,2540906.0,44500.0,1,173,nan,,
2009-07-10,Craven,Canada,Big Valley Park,—,,,,1,35,nan,,
2009-07-11,Winnipeg,Canada,Mts Centre,"Gloriana
Kellie Pickler",11369.0,512487.0,11369.0,1,135,nan,,
2009-07-16,Twin Lakes,United States,Country Thunder Festival,—,,,,1,60,nan,,
2009-07-17,Columbus,United States,Value City Arena,"Gloriana
Kellie Pickler",,,,1,221,nan,,
2009-07-18,Charleston,United States,Charleston Civic Center,"Gloriana
Kellie Pickler",,,,1,53,nan,,
2009-07-23,Cheyenne,United States,Cheyenne Frontier Days Arena,Kellie Pickler,,,,1,55,nan,,
2009-07-24,Rapid City,United States,Barnett Arena,"Gloriana
Kellie Pickler",,,,1,30,nan,,
2009-07-25,Minot,United States,North Dakota State Fair Grandstand,—,,,,1,146,nan,,
2009-08-01,Philadelphia,United States,Wachovia Spectrum,"Gloriana
Kellie Pickler",,,,1,229,nan,,
2009-08-07,Detroit Lakes,United States,Soo Pass Ranch,"Brooks & Dunn
Craig Morgan",,,,1,193,nan,,
2009-08-09,Omaha,United States,Qwest Center Omaha,"Gloriana
Kellie Pickler",,,,1,170,nan,,
2009-08-22,Chelmsford,England,Hylands Park,—,,,,1,95,nan,,
2009-08-23,Weston-Under-Lizard,England,Weston Park,—,,,,1,233,nan,,
2009-08-27,New York City,United States,Madison Square Garden,"Gloriana
Kellie Pickler",13597.0,976062.0,13597.0,1,115,nan,,
2009-08-28,Uncasville,United States,Mohegan Sun Arena,"Gloriana
Kellie Pickler",7507.0,296306.0,7507.0,1,133,nan,,
2009-08-29,University Park,United States,Bryce Jordan Center,"Gloriana
Kellie Pickler",,,,1,42,nan,,
2009-08-30,Louisville,United States,Freedom Hall,"Gloriana
Kellie Pickler",,,,1,83,nan,,
2009-09-03,Duluth,United States,Arena At Gwinnett Center,"Gloriana
Kellie Pickler",,,,1,21,nan,,
2009-09-04,Greenville,United States,Bi-Lo Center,"Gloriana
Kellie Pickler",,,,1,34,nan,,
2009-09-05,Charlotte,United States,Time Warner Cable Arena,"Gloriana
Kellie Pickler",,,,1,212,nan,,
2009-09-09,Lafayette,United States,Cajundome,"Gloriana
Kellie Pickler",,,,1,45,nan,,
2009-09-10,Bossier City,United States,Centurytel Center,"Gloriana
Kellie Pickler",,,,1,52,nan,,
2009-09-11,Birmingham,United States,Bjcc Arena,"Gloriana
Kellie Pickler",,,,1,37,nan,,
2009-09-12,Nashville,United States,Bridgestone Arena,"Gloriana
Kellie Pickler",14269.0,642387.0,14269.0,1,40,nan,,
2009-09-25,Dallas,United States,American Airlines Center,"Gloriana
Kellie Pickler",6897.0,314031.0,6897.0,1,14,nan,,
2009-09-26,North Little Rock,United States,Verizon Arena,"Gloriana
Kellie Pickler",13978.0,654089.0,13978.0,1,225,nan,,
2009-09-27,Tulsa,United States,Bok Center,"Gloriana
Kellie Pickler",,,,1,38,nan,,
2009-10-01,Pittsburgh,United States,Mellon Arena,"Gloriana
Kellie Pickler",,,,1,124,nan,,
2009-10-02,Grand Rapids,United States,Van Andel Arena,"Gloriana
Kellie Pickler",,,,1,222,nan,,
2009-10-03,Cleveland,United States,Quicken Loans Arena,"Gloriana
Kellie Pickler",15524.0,743492.0,15524.0,1,169,nan,,
2009-10-08,Indianapolis,United States,Conseco Fieldhouse,"Gloriana
Kellie Pickler",13373.0,634876.0,13373.0,1,58,nan,,
2009-10-09,Rosemont,United States,Allstate Arena,"Gloriana
Kellie Pickler",13133.0,575448.0,13133.0,1,12,nan,,
2009-10-10,Rosemont,United States,Allstate Arena,"Gloriana
Kellie Pickler",13132.0,575448.0,13132.0,1,12,nan,,
2009-10-11,Minneapolis,United States,Target Center,"Gloriana
Kellie Pickler",13563.0,623975.0,13563.0,1,205,nan,,
2009-11-23,London,England,Wembley Arena,Justin Bieber,,,,1,231,nan,,
2009-11-24,Manchester,England,Manchester Evening News Arena,Justin Bieber,,,,1,118,nan,,
2010-02-04,Brisbane,Australia,Brisbane Entertainment Centre,Gloriana,11334.0,956505.0,11334.0,1,41,nan,,
2010-02-06,Sydney,Australia,Acer Arena,Gloriana,13515.0,1015320.0,13515.0,1,4,nan,,
2010-02-07,Sydney,Australia,Acer Arena,Gloriana,13515.0,1015320.0,13515.0,1,4,nan,,
2010-02-08,Newcastle,Australia,Newcastle Entertainment Centre,Gloriana,7180.0,555396.0,7180.0,1,141,nan,,
2010-02-10,Melbourne,Australia,Rod Laver Arena,Gloriana,11747.0,813755.0,11747.0,1,175,nan,,
2010-02-11,Melbourne,Australia,Rod Laver Arena,Gloriana,11746.0,813755.0,11746.0,1,175,nan,,
2010-02-12,Adelaide,Australia,Adelaide Entertainment Centre,Gloriana,9066.0,585352.0,9066.0,1,6,nan,,
2010-02-17,Tokyo,Japan,Zepp Tokyo,—,,,,1,236,nan,,
2010-03-04,Tampa,United States,St. Pete Times Forum,"Gloriana
Kellie Pickler",13861.0,793049.0,13861.0,1,199,nan,,
2010-03-05,Orlando,United States,Amway Arena,"Gloriana
Kellie Pickler",11101.0,598581.0,11101.0,1,17,nan,,
2010-03-07,Sunrise,United States,Bankatlantic Center,"Gloriana
Kellie Pickler",13453.0,777442.0,13453.0,1,28,nan,,
2010-03-10,Austin,United States,Frank Erwin Center,"Gloriana
Kellie Pickler",11928.0,642705.0,11928.0,1,82,nan,,
2010-03-11,Dallas,United States,American Airlines Center,"Gloriana
Kellie Pickler",6897.0,314031.0,6897.0,1,14,nan,,
2010-03-12,Corpus Christi,United States,American Bank Center Arena,"Gloriana
Kellie Pickler",8423.0,501169.0,8423.0,1,15,nan,,
2010-03-18,Philadelphia,United States,Wachovia Center,"Gloriana
Kellie Pickler",15180.0,1001161.0,15180.0,1,228,nan,,
2010-03-19,Philadelphia,United States,Wachovia Center,"Gloriana
Kellie Pickler",15180.0,1001160.0,15180.0,1,228,nan,,
2010-03-20,Charlottesville,United States,John Paul Jones Arena,"Gloriana
Kellie Pickler",11858.0,664305.0,11858.0,1,103,nan,,
2010-03-26,Auburn Hills,United States,The Palace Of Auburn Hills,"Gloriana
Kellie Pickler",14563.0,855796.0,14563.0,1,210,nan,,
2010-03-27,Auburn Hills,United States,The Palace Of Auburn Hills,"Gloriana
Kellie Pickler",14562.0,855795.0,14562.0,1,210,nan,,
2010-03-28,Cincinnati,United States,U.S. Bank Arena,"Gloriana
Kellie Pickler",11208.0,645592.0,11208.0,1,216,nan,,
2010-03-31,Oklahoma City,United States,Ford Center,"Gloriana
Kellie Pickler",11795.0,675184.0,11795.0,1,77,nan,,
2010-04-01,Wichita,United States,Intrust Bank Arena,"Gloriana
Kellie Pickler",11208.0,610801.0,11208.0,1,97,nan,,
2010-04-02,Kansas City,United States,Sprint Center,"Gloriana
Kellie Pickler",13781.0,761110.0,13781.0,1,197,nan,,
2010-04-06,Denver,United States,Pepsi Center,"Gloriana
Kellie Pickler",12996.0,748568.0,12996.0,1,160,nan,,
2010-04-07,Denver,United States,Pepsi Center,"Gloriana
Kellie Pickler",12995.0,748567.0,12995.0,1,160,nan,,
2010-04-10,Fresno,United States,Save Mart Center,"Gloriana
Kellie Pickler",11706.0,649488.0,11706.0,1,183,nan,,
2010-04-11,San Jose,United States,Hp Pavilion,"Gloriana
Kellie Pickler",12744.0,716726.0,12744.0,1,93,nan,,
2010-04-15,Los Angeles,United States,Staples Center,"Gloriana
Kellie Pickler",4549.0,240313.0,4549.0,1,0,nan,,
2010-04-16,Los Angeles,United States,Staples Center,"Gloriana
Kellie Pickler",4549.0,240313.0,4549.0,1,0,nan,,
2010-04-29,Lexington,United States,Rupp Arena,"Gloriana
Kellie Pickler",17966.0,1024223.0,17966.0,1,180,nan,,
2010-04-30,Columbia,United States,Colonial Life Arena,"Gloriana
Kellie Pickler",13429.0,755475.0,13429.0,1,57,nan,,
2010-05-01,Raleigh,United States,Rbc Center,"Gloriana
Kellie Pickler",13895.0,752303.0,13895.0,1,172,nan,,
2010-05-06,Des Moines,United States,Wells Fargo Arena,"Gloriana
Kellie Pickler",13264.0,738280.0,13264.0,1,230,nan,,
2010-05-07,Saint Paul,United States,Xcel Energy Center,"Gloriana
Kellie Pickler",14914.0,846111.0,14914.0,1,234,nan,,
2010-05-08,Moline,United States,Iwireless Center,"Gloriana
Kellie Pickler",10641.0,610668.0,10641.0,1,99,nan,,
2010-05-12,Newark,United States,Prudential Center,"Gloriana
Kellie Pickler",13033.0,871335.0,13033.0,1,167,nan,,
2010-05-13,Newark,United States,Prudential Center,"Gloriana
Kellie Pickler",13032.0,871334.0,13032.0,1,167,nan,,
2010-05-14,Uniondale,United States,Nassau Veterans Memorial Coliseum,"Gloriana
Kellie Pickler",12916.0,856765.0,12916.0,1,137,nan,,
2010-05-15,Uniondale,United States,Nassau Veterans Memorial Coliseum,"Gloriana
Kellie Pickler",12915.0,856764.0,12915.0,1,137,nan,,
2010-05-20,Ottawa,Canada,Scotiabank Place,"Gloriana
Kellie Pickler",13376.0,873206.0,13376.0,1,184,nan,,
2010-05-21,Toronto,Canada,Air Canada Centre,"Gloriana
Kellie Pickler",15229.0,1248845.0,15229.0,1,7,nan,,
2010-05-22,Toronto,Canada,Air Canada Centre,"Gloriana
Kellie Pickler",15229.0,1248845.0,15229.0,1,7,nan,,
2010-05-25,Houston,United States,Toyota Center,"Gloriana
Kellie Pickler",11747.0,645463.0,11747.0,1,215,nan,,
2010-05-26,Houston,United States,Toyota Center,"Gloriana
Kellie Pickler",11746.0,645463.0,11746.0,1,215,nan,,
2010-05-29,Baton Rouge,United States,Tiger Stadium,—,,,,1,0,nan,,
2010-06-01,"Washington, D.C.",United States,Verizon Center,"Gloriana
Kellie Pickler",13645.0,912372.0,13645.0,1,226,nan,,
2010-06-02,"Washington, D.C.",United States,Verizon Center,"Gloriana
Kellie Pickler",13645.0,912371.0,13645.0,1,226,nan,,
2010-06-05,Foxborough,United States,Gillette Stadium,"Gloriana
Justin Bieber
Kellie Pickler",56868.0,3726157.0,56868.0,1,88,nan,,
2010-06-19,Nassau,The Bahamas,Imperial Ballroom,"Gloriana
Kellie Pickler",,,,1,96,nan,,
2010-07-10,Cavendish,Canada,Cavendish Beach Festival Grounds,—,35000.0,,35000.0,1,48,nan,,
2011-02-09,Singapore,Singapore,Singapore Indoor Stadium,Sezairi Sezali,8964.0,916850.0,8964.0,2,187,nan,,
2011-02-11,Seoul,South Korea,Olympic Gymnastics Arena,—,4725.0,385374.0,4725.0,2,152,nan,,
2011-02-13,Osaka,Japan,Osaka-Jo Hall,—,6953.0,758113.0,6953.0,2,154,nan,,
2011-02-16,Tokyo,Japan,Nippon Budokan,—,7978.0,869114.0,7978.0,2,143,nan,,
2011-02-17,Tokyo,Japan,Nippon Budokan,—,7977.0,869113.0,7977.0,2,143,nan,,
2011-02-19,Quezon City,Philippines,Smart Araneta Coliseum,Sam Concepcion,12667.0,859037.0,12667.0,2,190,nan,,
2011-02-21,Hong Kong,China,Asiaworld–Arena,Saito Johnny,12573.0,1030633.0,12573.0,2,23,nan,,
2011-03-06,Brussels,Belgium,Forest National,Tom Dice,4622.0,219212.0,4622.0,2,80,nan,,
2011-03-07,Rotterdam,Netherlands,Sportpaleis Van Ahoy,Tom Dice,4799.0,248314.0,4799.0,2,195,nan,,
2011-03-09,Oslo,Norway,Oslo Spektrum,—,8650.0,815246.0,8650.0,2,155,nan,,
2011-03-12,Oberhausen,Germany,König Pilsener Arena,Martin & James,6082.0,370028.0,6082.0,2,106,nan,,
2011-03-15,Milan,Italy,Mediolanum Forum,Emma Marrone,3421.0,153303.0,5585.0,2,121,nan,,
2011-03-17,Paris,France,Zénith De Paris,—,3598.0,201781.0,8500.0,2,238,nan,,
2011-03-19,Madrid,Spain,Palacio De Los Deportes,The Bright,3962.0,251864.0,3962.0,2,156,nan,,
2011-03-22,Birmingham,England,Lg Arena,Martin & James,9339.0,508854.0,9339.0,2,110,nan,,
2011-03-25,Belfast,Northern Ireland,Odyssey Arena,Ryan Sheridan,8058.0,379001.0,8058.0,2,149,nan,,
2011-03-27,Dublin,Ireland,The O2,Ryan Sheridan,8681.0,419806.0,8681.0,2,208,nan,,
2011-03-29,Manchester,England,Manchester Evening News Arena,Martin & James,10488.0,580558.0,11622.0,2,118,nan,,
2011-03-30,London,England,The O2 Arena,Martin & James,15265.0,891152.0,15681.0,2,209,nan,,
2011-05-27,Omaha,United States,Qwest Center Omaha,Needtobreathe,13496.0,858552.0,13496.0,2,170,nan,,
2011-05-28,Omaha,United States,Qwest Center Omaha,Needtobreathe,13496.0,858552.0,13496.0,2,170,nan,,
2011-05-29,Des Moines,United States,Wells Fargo Arena,Needtobreathe,13149.0,862771.0,13149.0,2,230,nan,,
2011-06-02,Sunrise,United States,Bankatlantic Center,Needtobreathe,12039.0,791476.0,12039.0,2,28,nan,,
2011-06-03,Sunrise,United States,Bankatlantic Center,Needtobreathe,12038.0,791475.0,12038.0,2,28,nan,,
2011-06-04,Orlando,United States,Amway Center,Needtobreathe,12262.0,791980.0,12262.0,2,18,nan,,
2011-06-07,Columbus,United States,Nationwide Arena,Needtobreathe,14817.0,955259.0,14817.0,2,139,nan,,
2011-06-08,Milwaukee,United States,Bradley Center,Needtobreathe,13748.0,897042.0,13748.0,2,39,nan,,
2011-06-11,Detroit,United States,Ford Field,Needtobreathe,47992.0,3453549.0,47992.0,2,79,nan,,
2011-06-14,Saint Paul,United States,Xcel Energy Center,Needtobreathe,14489.0,956869.0,14489.0,2,234,nan,,
2011-06-15,Saint Paul,United States,Xcel Energy Center,Needtobreathe,14488.0,956868.0,14488.0,2,234,nan,,
2011-06-18,Pittsburgh,United States,Heinz Field,Needtobreathe,52009.0,4009118.0,52009.0,2,92,nan,,
2011-06-21,Buffalo,United States,First Niagara Center,Needtobreathe,14487.0,966749.0,14487.0,2,74,nan,,
2011-06-22,Hartford,United States,Xl Center,Needtobreathe,12436.0,810165.0,12436.0,2,235,nan,,
2011-06-25,Foxborough,United States,Gillette Stadium,Needtobreathe,55400.0,4013175.0,55400.0,2,88,nan,,
2011-06-26,Foxborough,United States,Gillette Stadium,Needtobreathe,55400.0,4013175.0,55400.0,2,88,nan,,
2011-06-30,Greensboro,United States,Greensboro Coliseum,Needtobreathe,14789.0,990701.0,14789.0,2,89,nan,,
2011-07-01,Knoxville,United States,Thompson–Boling Arena,Needtobreathe,13754.0,903875.0,13754.0,2,211,nan,,
2011-07-14,Montreal,Canada,Bell Centre,Needtobreathe,13439.0,1254230.0,13439.0,2,33,nan,,
2011-07-15,Toronto,Canada,Air Canada Centre,Needtobreathe,15072.0,1518000.0,15072.0,2,7,nan,,
2011-07-16,Toronto,Canada,Air Canada Centre,Needtobreathe,15072.0,1518000.0,15072.0,2,7,nan,,
2011-07-19,Newark,United States,Prudential Center,Needtobreathe,12872.0,968866.0,12872.0,2,167,nan,,
2011-07-20,Newark,United States,Prudential Center,Needtobreathe,12872.0,968866.0,12872.0,2,167,nan,,
2011-07-23,Newark,United States,Prudential Center,Needtobreathe,12872.0,968866.0,12872.0,2,167,nan,,
2011-07-24,Newark,United States,Prudential Center,Needtobreathe,12871.0,968865.0,12871.0,2,167,nan,,
2011-07-28,Grand Rapids,United States,Van Andel Arena,Needtobreathe,11012.0,724854.0,11012.0,2,222,nan,,
2011-07-29,Indianapolis,United States,Conseco Fieldhouse,Needtobreathe,13329.0,877175.0,13329.0,2,58,nan,,
2011-07-30,Cleveland,United States,Quicken Loans Arena,Needtobreathe,14873.0,976954.0,14873.0,2,169,nan,,
2011-08-02,Washington,United States,Verizon Center,Needtobreathe,14652.0,1034395.0,14652.0,2,0,nan,,
2011-08-03,Washington,United States,Verizon Center,Needtobreathe,14651.0,1034394.0,14651.0,2,0,nan,,
2011-08-06,Philadelphia,United States,Lincoln Financial Field,Needtobreathe,51395.0,4268678.0,51395.0,2,111,nan,,
2011-08-09,Rosemont,United States,Allstate Arena,Needtobreathe,13056.0,954802.0,13056.0,2,12,nan,,
2011-08-10,Rosemont,United States,Allstate Arena,Needtobreathe,13056.0,954801.0,13056.0,2,12,nan,,
2011-08-13,St. Louis,United States,Scottrade Center,Needtobreathe,13983.0,925080.0,13983.0,2,185,nan,,
2011-08-14,St. Louis,United States,Scottrade Center,Needtobreathe,13982.0,925079.0,13982.0,2,185,nan,,
2011-08-18,Edmonton,Canada,Rexall Place,Needtobreathe,12668.0,1068135.0,12668.0,2,173,nan,,
2011-08-19,Edmonton,Canada,Rexall Place,Needtobreathe,12668.0,1068135.0,12668.0,2,173,nan,,
2011-08-23,Los Angeles,United States,Staples Center,Needtobreathe,13725.0,981789.0,13725.0,2,0,nan,,
2011-08-24,Los Angeles,United States,Staples Center,Needtobreathe,13725.0,981789.0,13725.0,2,0,nan,,
2011-08-27,Los Angeles,United States,Staples Center,Needtobreathe,13725.0,981788.0,13725.0,2,0,nan,,
2011-08-28,Los Angeles,United States,Staples Center,Needtobreathe,13725.0,981788.0,13725.0,2,0,nan,,
2011-09-01,San Jose,United States,Hp Pavilion,Needtobreathe,12414.0,912724.0,12414.0,2,93,nan,,
2011-09-02,San Jose,United States,Hp Pavilion,Needtobreathe,12413.0,912724.0,12413.0,2,93,nan,,
2011-09-03,Sacramento,United States,Power Balance Pavilion,Needtobreathe,12432.0,934326.0,12432.0,2,165,nan,,
2011-09-06,Portland,United States,Rose Garden Arena,Needtobreathe,13610.0,903445.0,13610.0,2,179,nan,,
2011-09-07,Tacoma,United States,Tacoma Dome,Needtobreathe,19904.0,1289430.0,19904.0,2,203,nan,,
2011-09-10,Vancouver,Canada,Rogers Arena,Needtobreathe,13015.0,1095340.0,13015.0,2,176,nan,,
2011-09-11,Vancouver,Canada,Rogers Arena,Needtobreathe,13015.0,1095340.0,13015.0,2,176,nan,,
2011-09-16,Nashville,United States,Bridgestone Arena,Needtobreathe,14089.0,920567.0,14089.0,2,40,nan,,
2011-09-17,Nashville,United States,Bridgestone Arena,Needtobreathe,14089.0,920567.0,14089.0,2,40,nan,,
2011-09-20,Bossier City,United States,Centurylink Center,Needtobreathe,11510.0,728546.0,11510.0,2,49,nan,,
2011-09-21,Tulsa,United States,Bok Center,Needtobreathe,12546.0,907573.0,12546.0,2,38,nan,,
2011-09-24,Kansas City,United States,Arrowhead Stadium,Needtobreathe,48562.0,3148046.0,48562.0,2,22,nan,,
2011-09-27,Denver,United States,Pepsi Center,Needtobreathe,12908.0,834916.0,12908.0,2,160,nan,,
2011-09-28,Salt Lake City,United States,Energysolutions Arena,Needtobreathe,13720.0,896946.0,13720.0,2,64,nan,,
2011-10-01,Atlanta,United States,Philips Arena,Needtobreathe,13122.0,863331.0,13122.0,2,163,nan,,
2011-10-02,Atlanta,United States,Philips Arena,Needtobreathe,13122.0,863330.0,13122.0,2,163,nan,,
2011-10-04,North Little Rock,United States,Verizon Arena,Needtobreathe,13566.0,856123.0,13566.0,2,225,nan,,
2011-10-05,New Orleans,United States,New Orleans Arena,Needtobreathe,12943.0,830289.0,12943.0,2,140,nan,,
2011-10-08,Arlington,United States,Cowboys Stadium,Needtobreathe,55451.0,4337062.0,55451.0,2,61,nan,,
2011-10-11,Louisville,United States,Kfc Yum! Center,Needtobreathe,14848.0,1003828.0,14848.0,2,105,nan,,
2011-10-14,Lubbock,United States,United Spirit Arena,Needtobreathe,10419.0,710426.0,10419.0,2,218,nan,,
2011-10-15,Oklahoma City,United States,Chesapeake Energy Arena,Needtobreathe,11592.0,758364.0,11592.0,2,54,nan,,
2011-10-20,San Diego,United States,Valley View Casino Center,Needtobreathe,10834.0,792634.0,10834.0,2,220,nan,,
2011-10-21,Glendale,United States,Jobing.Com Arena,Needtobreathe,13515.0,913013.0,13515.0,2,101,nan,,
2011-10-22,Glendale,United States,Jobing.Com Arena,Needtobreathe,13514.0,913012.0,13514.0,2,101,nan,,
2011-10-25,San Antonio,United States,At&T Center,Needtobreathe,13851.0,901535.0,13851.0,2,24,nan,,
2011-10-26,Austin,United States,Frank Erwin Center,Needtobreathe,11999.0,752078.0,11999.0,2,82,nan,,
2011-10-29,Lexington,United States,Rupp Arena,Needtobreathe,16237.0,1041935.0,16237.0,2,180,nan,,
2011-10-30,Memphis,United States,Fedexforum,Needtobreathe,12604.0,820036.0,12604.0,2,73,nan,,
2011-11-05,Houston,United States,Minute Maid Park,Needtobreathe,42095.0,3435756.0,42095.0,2,130,nan,,
2011-11-11,Jacksonville,United States,Jacksonville Veterans Memorial Arena,Needtobreathe,11785.0,749099.0,11785.0,2,100,nan,,
2011-11-12,Tampa,United States,St. Pete Times Forum,Needtobreathe,13695.0,914300.0,13695.0,2,199,nan,,
2011-11-13,Miami,United States,American Airlines Arena,Needtobreathe,12153.0,786904.0,12153.0,2,13,nan,,
2011-11-16,Charlotte,United States,Time Warner Cable Arena,Needtobreathe,14272.0,920903.0,14272.0,2,212,nan,,
2011-11-17,Raleigh,United States,Rbc Center,Needtobreathe,13567.0,866056.0,13567.0,2,172,nan,,
2011-11-18,Columbia,United States,Colonial Life Arena,Needtobreathe,12807.0,828231.0,12807.0,2,57,nan,,
2011-11-21,New York City,United States,Madison Square Garden,Needtobreathe,13326.0,994206.0,13326.0,2,115,nan,,
2011-11-22,New York City,United States,Madison Square Garden,Needtobreathe,13326.0,994205.0,13326.0,2,115,nan,,
2012-03-02,Perth,Australia,Burswood Dome,Hot Chelle Rae,,1878530.0,,2,43,nan,,
2012-03-04,Adelaide,Australia,Adelaide Entertainment Centre,Hot Chelle Rae,,1075370.0,,2,6,nan,,
2012-03-06,Brisbane,Australia,Brisbane Entertainment Centre,Hot Chelle Rae,,1208015.0,,2,41,nan,,
2012-03-07,Brisbane,Australia,Brisbane Entertainment Centre,Hot Chelle Rae,,1208015.0,,2,41,nan,,
2012-03-09,Sydney,Australia,Allphones Arena,Hot Chelle Rae,,1710180.0,,2,11,nan,,
2012-03-10,Sydney,Australia,Allphones Arena,Hot Chelle Rae,,1710180.0,,2,11,nan,,
2012-03-12,Melbourne,Australia,Rod Laver Arena,Hot Chelle Rae,,1383884.0,,2,175,nan,,
2012-03-13,Melbourne,Australia,Rod Laver Arena,Hot Chelle Rae,,1383883.0,,2,175,nan,,
2012-03-14,Melbourne,Australia,Rod Laver Arena,Hot Chelle Rae,,1383883.0,,2,175,nan,,
2012-03-16,Auckland,New Zealand,Vector Arena,Hot Chelle Rae,,962854.0,,2,223,nan,,
2012-03-17,Auckland,New Zealand,Vector Arena,Hot Chelle Rae,,962853.0,,2,223,nan,,
2012-03-18,Auckland,New Zealand,Vector Arena,Hot Chelle Rae,,962853.0,,2,223,nan,,
2013-03-13,Omaha,United States,Centurylink Center Omaha,"Ed Sheeran
Brett Eldredge",13939.0,1121582.0,13939.0,3,50,nan,,
2013-03-14,Omaha,United States,Centurylink Center Omaha,"Ed Sheeran
Brett Eldredge",13938.0,1121582.0,13938.0,3,50,nan,,
2013-03-18,St. Louis,United States,Scottrade Center,"Ed Sheeran
Brett Eldredge",14291.0,1173102.0,14291.0,3,185,nan,,
2013-03-19,St. Louis,United States,Scottrade Center,"Ed Sheeran
Brett Eldredge",14291.0,1173101.0,14291.0,3,185,nan,,
2013-03-22,Charlotte,United States,Time Warner Cable Arena,"Ed Sheeran
Brett Eldredge",14686.0,1162733.0,14686.0,3,212,nan,,
2013-03-23,Columbia,United States,Colonial Life Arena,"Ed Sheeran
Brett Eldredge",12490.0,996114.0,12490.0,3,57,nan,,
2013-03-27,Newark,United States,Prudential Center,"Ed Sheeran
Florida Georgia Line",12689.0,1188439.0,12689.0,3,167,nan,,
2013-03-28,Newark,United States,Prudential Center,"Ed Sheeran
Florida Georgia Line",12688.0,1188439.0,12688.0,3,167,nan,,
2013-03-29,Newark,United States,Prudential Center,"Ed Sheeran
Florida Georgia Line",12688.0,1188439.0,12688.0,3,167,nan,,
2013-04-10,Miami,United States,American Airlines Arena,"Ed Sheeran
Brett Eldredge",12808.0,1010175.0,12808.0,3,13,nan,,
2013-04-11,Orlando,United States,Amway Center,"Ed Sheeran
Brett Eldredge",12809.0,1027064.0,12809.0,3,18,nan,,
2013-04-12,Orlando,United States,Amway Center,"Ed Sheeran
Brett Eldredge",12808.0,1027064.0,12808.0,3,18,nan,,
2013-04-18,Atlanta,United States,Philips Arena,"Ed Sheeran
Brett Eldredge",12736.0,1024012.0,12736.0,3,163,nan,,
2013-04-19,Atlanta,United States,Philips Arena,"Ed Sheeran
Brett Eldredge",12735.0,1024011.0,12735.0,3,163,nan,,
2013-04-20,Tampa,United States,Tampa Bay Times Forum,"Ed Sheeran
Brett Eldredge",14080.0,1132095.0,14080.0,3,204,nan,,
2013-04-25,Cleveland,United States,Quicken Loans Arena,"Ed Sheeran
Brett Eldredge",15336.0,1247605.0,15336.0,3,169,nan,,
2013-04-26,Indianapolis,United States,Bankers Life Fieldhouse,"Ed Sheeran
Brett Eldredge",13573.0,1082042.0,13573.0,3,29,nan,,
2013-04-27,Lexington,United States,Rupp Arena,"Ed Sheeran
Brett Eldredge",17003.0,1342699.0,17003.0,3,180,nan,,
2013-05-04,Detroit,United States,Ford Field,"Ed Sheeran
Austin Mahone
Brett Eldredge",48265.0,3969059.0,48265.0,3,79,nan,,
2013-05-07,Louisville,United States,Kfc Yum! Center,"Ed Sheeran
Florida Georgia Line",15135.0,1246491.0,15135.0,3,105,nan,,
2013-05-08,Columbus,United States,Nationwide Arena,"Ed Sheeran
Florida Georgia Line",14267.0,1155170.0,14267.0,3,139,nan,,
2013-05-11,"Washington, D.C.",United States,Verizon Center,"Ed Sheeran
Brett Eldredge",13810.0,1244603.0,13810.0,3,226,nan,,
2013-05-12,"Washington, D.C.",United States,Verizon Center,"Ed Sheeran
Brett Eldredge",13809.0,1244602.0,13809.0,3,226,nan,,
2013-05-16,Houston,United States,Toyota Center,"Ed Sheeran
Brett Eldredge",12467.0,961422.0,12467.0,3,215,nan,,
2013-05-21,Austin,United States,Frank Erwin Center,"Ed Sheeran
Florida Georgia Line",11916.0,935631.0,11916.0,3,82,nan,,
2013-05-22,San Antonio,United States,At&T Center,"Ed Sheeran
Florida Georgia Line",13974.0,1105253.0,13974.0,3,24,nan,,
2013-05-25,Arlington,United States,Cowboys Stadium,"Ed Sheeran
Austin Mahone
Florida Georgia Line",53020.0,4589266.0,53020.0,3,61,nan,,
2013-05-28,Glendale,United States,Jobing.Com Arena,"Ed Sheeran
Joel Crouse",13353.0,1119685.0,13353.0,3,101,nan,,
2013-05-29,Glendale,United States,Jobing.Com Arena,"Ed Sheeran
Joel Crouse",13352.0,1119685.0,13352.0,3,101,nan,,
2013-06-01,Salt Lake City,United States,Energysolutions Arena,"Ed Sheeran
Joel Crouse",14007.0,1139360.0,14007.0,3,64,nan,,
2013-06-02,Denver,United States,Pepsi Center,"Ed Sheeran
Joel Crouse",13489.0,1076069.0,13489.0,3,160,nan,,
2013-06-14,Toronto,Canada,Rogers Centre,"Ed Sheeran
Austin Mahone
Joel Crouse",43814.0,3931655.0,43814.0,3,177,nan,,
2013-06-15,Toronto,Canada,Rogers Centre,"Ed Sheeran
Austin Mahone
Joel Crouse",43813.0,3931655.0,43813.0,3,177,nan,,
2013-06-22,Winnipeg,Canada,Investors Group Field,"Ed Sheeran
Austin Mahone
Joel Crouse",33061.0,3175430.0,33061.0,3,98,nan,,
2013-06-25,Edmonton,Canada,Rexall Place,"Ed Sheeran
Joel Crouse",12832.0,1189935.0,12832.0,3,173,nan,,
2013-06-26,Edmonton,Canada,Rexall Place,"Ed Sheeran
Joel Crouse",12831.0,1189935.0,12831.0,3,173,nan,,
2013-06-29,Vancouver,Canada,Bc Place Stadium,"Ed Sheeran
Austin Mahone
Joel Crouse",41142.0,3974410.0,41142.0,3,32,nan,,
2013-07-06,Pittsburgh,United States,Heinz Field,"Ed Sheeran
Austin Mahone
Joel Crouse",56047.0,4718518.0,56047.0,3,92,nan,,
2013-07-13,East Rutherford,United States,Metlife Stadium,"Ed Sheeran
Austin Mahone
Joel Crouse",52399.0,4670011.0,52399.0,3,129,nan,,
2013-07-19,Philadelphia,United States,Lincoln Financial Field,"Ed Sheeran
Austin Mahone
Joel Crouse",50639.0,4411168.0,50639.0,3,111,nan,,
2013-07-20,Philadelphia,United States,Lincoln Financial Field,"Ed Sheeran
Austin Mahone
Joel Crouse",50638.0,4411167.0,50638.0,3,111,nan,,
2013-07-26,Foxborough,United States,Gillette Stadium,"Ed Sheeran
Austin Mahone
Joel Crouse",55356.0,4732032.0,55356.0,3,88,nan,,
2013-07-27,Foxborough,United States,Gillette Stadium,"Ed Sheeran
Austin Mahone
Joel Crouse",55356.0,4732031.0,55356.0,3,88,nan,,
2013-08-01,Des Moines,United States,Wells Fargo Arena,"Ed Sheeran
Florida Georgia Line",13368.0,1075576.0,13368.0,3,230,nan,,
2013-08-02,Kansas City,United States,Sprint Center,"Ed Sheeran
Florida Georgia Line",13206.0,1046586.0,13206.0,3,197,nan,,
2013-08-03,Kansas City,United States,Sprint Center,"Ed Sheeran
Florida Georgia Line",13206.0,1046586.0,13206.0,3,197,nan,,
2013-08-06,Wichita,United States,Intrust Bank Arena,"Ed Sheeran
Casey James",12231.0,983882.0,12231.0,3,97,nan,,
2013-08-07,Tulsa,United States,Bok Center,"Ed Sheeran
Casey James",10949.0,868955.0,10949.0,3,38,nan,,
2013-08-10,Chicago,United States,Soldier Field,"Ed Sheeran
Austin Mahone
Casey James",50809.0,4149148.0,50809.0,3,192,nan,,
2013-08-15,San Diego,United States,Valley View Casino Center,"Ed Sheeran
Casey James",10872.0,948541.0,10872.0,3,220,nan,,
2013-08-19,Los Angeles,United States,Staples Center,"Ed Sheeran
Casey James",13958.0,1183616.0,13958.0,3,0,nan,,
2013-08-20,Los Angeles,United States,Staples Center,"Ed Sheeran
Casey James",13957.0,1183616.0,13957.0,3,0,nan,,
2013-08-23,Los Angeles,United States,Staples Center,"Ed Sheeran
Casey James",13957.0,1183616.0,13957.0,3,0,nan,,
2013-08-24,Los Angeles,United States,Staples Center,"Ed Sheeran
Casey James",13957.0,1183615.0,13957.0,3,0,nan,,
2013-08-27,Sacramento,United States,Sleep Train Arena,"Ed Sheeran
Casey James",12795.0,1138103.0,12795.0,3,189,nan,,
2013-08-30,Portland,United States,Moda Center,"Ed Sheeran
Casey James",13952.0,1084760.0,13952.0,3,132,nan,,
2013-08-31,Tacoma,United States,Tacoma Dome,"Ed Sheeran
Casey James",20348.0,1584049.0,20348.0,3,203,nan,,
2013-09-06,Fargo,United States,Fargodome,"Ed Sheeran
Casey James",21073.0,1661578.0,21073.0,3,71,nan,,
2013-09-07,Saint Paul,United States,Xcel Energy Center,"Ed Sheeran
Casey James",14460.0,1160469.0,14460.0,3,234,nan,,
2013-09-08,Saint Paul,United States,Xcel Energy Center,"Ed Sheeran
Casey James",14460.0,1160468.0,14460.0,3,234,nan,,
2013-09-12,Greensboro,United States,Greensboro Coliseum,"Ed Sheeran
Casey James",13650.0,1109253.0,13650.0,3,89,nan,,
2013-09-13,Raleigh,United States,Pnc Arena,"Ed Sheeran
Casey James",13941.0,1088612.0,13941.0,3,164,nan,,
2013-09-14,Charlottesville,United States,John Paul Jones Arena,"Ed Sheeran
Casey James",12689.0,997216.0,12689.0,3,103,nan,,
2013-09-19,Nashville,United States,Bridgestone Arena,"Ed Sheeran
Casey James",13764.0,1112182.0,13764.0,3,40,nan,,
2013-09-20,Nashville,United States,Bridgestone Arena,"Ed Sheeran
Casey James",13764.0,1112182.0,13764.0,3,40,nan,,
2013-09-21,Nashville,United States,Bridgestone Arena,"Ed Sheeran
Casey James",13764.0,1112181.0,13764.0,3,40,nan,,
2013-11-29,Auckland,New Zealand,Vector Arena,,10267.0,1033430.0,10267.0,3,223,nan,,
2013-11-30,Auckland,New Zealand,Vector Arena,,10266.0,1033430.0,10266.0,3,223,nan,,
2013-12-01,Auckland,New Zealand,Vector Arena,,10266.0,1033430.0,10266.0,3,223,nan,,
2013-12-04,Sydney,Australia,Allianz Stadium,,40930.0,4096060.0,40930.0,3,10,nan,,
2013-12-07,Brisbane,Australia,Suncorp Stadium,,38907.0,3895810.0,38907.0,3,202,nan,,
2013-12-11,Perth,Australia,Nib Stadium,,21827.0,2364080.0,21827.0,3,142,nan,,
2013-12-14,Melbourne,Australia,Etihad Stadium,,47257.0,4547250.0,47257.0,3,70,nan,,
2014-02-01,London,England,The O2 Arena,,14948.0,1165848.0,14948.0,3,209,nan,,
2014-02-02,London,England,The O2 Arena,,14948.0,1165848.0,14948.0,3,209,nan,,
2014-02-04,London,England,The O2 Arena,,14948.0,1165848.0,14948.0,3,209,nan,,
2014-02-07,Berlin,Germany,O2 World,,10350.0,755006.0,10350.0,3,148,nan,,
2014-02-10,London,England,The O2 Arena,,14948.0,1165848.0,14948.0,3,209,nan,,
2014-02-11,London,England,The O2 Arena,,14948.0,1165848.0,14948.0,3,209,nan,,
2014-05-30,Shanghai,China,Mercedes-Benz Arena,,12793.0,1864934.0,12793.0,3,125,nan,,
2014-06-01,Saitama,Japan,Saitama Super Arena,,20046.0,1837147.0,20046.0,3,181,nan,,
2014-06-04,Jakarta,Indonesia,Meis Ancol,,8130.0,1481473.0,8130.0,3,122,nan,,
2014-06-06,Pasay,Philippines,Mall Of Asia Arena,,9775.0,1511662.0,9775.0,3,116,nan,,
2014-06-09,Singapore,Singapore,Singapore Indoor Stadium,,8172.0,1262040.0,8172.0,3,187,nan,,
2014-06-11,Kuala Lumpur,Malaysia,Putra Indoor Stadium,,7525.0,998608.0,7525.0,3,168,nan,,
2014-06-12,Singapore,Singapore,Singapore Indoor Stadium,,8172.0,1262040.0,8172.0,3,187,nan,,
2015-05-05,Tokyo,Japan,Tokyo Dome,—,50160.0,5293414.0,50160.0,4,213,nan,,
2015-05-06,Tokyo,Japan,Tokyo Dome,—,50160.0,5293414.0,50160.0,4,213,nan,,
2015-05-15,Winchester,United States,City Of Rock,—,,,,4,56,nan,,
2015-05-20,Bossier City,United States,Centurylink Center,Vance Joy,12459.0,1458197.0,12459.0,4,49,nan,,
2015-05-22,Baton Rouge,United States,Lsu Tiger Stadium,"Vance Joy
Shawn Mendes",50227.0,4119670.0,50227.0,4,112,nan,,
2015-05-30,Detroit,United States,Ford Field,"Vance Joy
Shawn Mendes",50703.0,5999690.0,50703.0,4,79,nan,,
2015-06-02,Louisville,United States,Kfc Yum! Center,Vance Joy,16242.0,1863281.0,16242.0,4,105,nan,,
2015-06-03,Cleveland,United States,Quicken Loans Arena,Vance Joy,15503.0,1732041.0,15503.0,4,169,nan,,
2015-06-06,Pittsburgh,United States,Heinz Field,"Vance Joy
Shawn Mendes",54801.0,5836926.0,54801.0,4,92,nan,,
2015-06-08,Charlotte,United States,Time Warner Cable Arena,Vance Joy,15024.0,1627798.0,15024.0,4,212,nan,,
2015-06-09,Raleigh,United States,Pnc Arena,Vance Joy,13886.0,1653762.0,13886.0,4,164,nan,,
2015-06-12,Philadelphia,United States,Lincoln Financial Field,"Vance Joy
Shawn Mendes",50526.0,5993908.0,50526.0,4,111,nan,,
2015-06-13,Philadelphia,United States,Lincoln Financial Field,"Vance Joy
Shawn Mendes",50526.0,5993908.0,50526.0,4,111,nan,,
2015-06-19,Cologne,Germany,Lanxess Arena,James Bay,14510.0,1027345.0,14510.0,4,107,nan,,
2015-06-20,Cologne,Germany,Lanxess Arena,James Bay,14510.0,1027345.0,14510.0,4,107,nan,,
2015-06-21,Amsterdam,Netherlands,Ziggo Dome,James Bay,11166.0,800829.0,11166.0,4,237,nan,,
2015-06-23,Glasgow,Scotland,Sse Hydro,Vance Joy,11021.0,1119300.0,11021.0,4,198,nan,,
2015-06-24,Manchester,England,Manchester Arena,Vance Joy,14773.0,1478760.0,14773.0,4,117,nan,,
2015-06-27,London,England,Hyde Park,—,,,,4,94,nan,,
2015-06-29,Dublin,Ireland,3Arena,Vance Joy,12594.0,987755.0,12594.0,4,1,nan,,
2015-06-30,Dublin,Ireland,3Arena,Vance Joy,12594.0,987755.0,12594.0,4,1,nan,,
2015-07-06,Ottawa,Canada,Canadian Tire Centre,Vance Joy,13480.0,1325480.0,13480.0,4,46,nan,,
2015-07-07,Montreal,Canada,Bell Centre,Vance Joy,14770.0,1499040.0,14770.0,4,33,nan,,
2015-07-10,East Rutherford,United States,Metlife Stadium,"Vance Joy
Shawn Mendes
Haim",55053.0,6711929.0,55053.0,4,129,nan,,
2015-07-11,East Rutherford,United States,Metlife Stadium,"Vance Joy
Shawn Mendes
Haim",55052.0,6711929.0,55052.0,4,129,nan,,
2015-07-13,"Washington, D.C.",United States,Nationals Park,"Vance Joy
Shawn Mendes
Haim",42507.0,4865298.0,42507.0,4,138,nan,,
2015-07-14,"Washington, D.C.",United States,Nationals Park,"Vance Joy
Shawn Mendes
Haim",42507.0,4865298.0,42507.0,4,138,nan,,
2015-07-18,Chicago,United States,Soldier Field,"Vance Joy
Shawn Mendes
Haim",55055.0,5734944.0,55055.0,4,192,nan,,
2015-07-19,Chicago,United States,Soldier Field,"Vance Joy
Shawn Mendes
Haim",55054.0,5734943.0,55054.0,4,192,nan,,
2015-07-24,Foxborough,United States,Gillette Stadium,"Vance Joy
Shawn Mendes
Haim",58425.0,6266583.0,58425.0,4,88,nan,,
2015-07-25,Foxborough,United States,Gillette Stadium,"Vance Joy
Shawn Mendes
Haim",58424.0,6266583.0,58424.0,4,88,nan,,
2015-08-01,Vancouver,Canada,Bc Place,"Vance Joy
Shawn Mendes",41463.0,4081820.0,41463.0,4,31,nan,,
2015-08-04,Edmonton,Canada,Rexall Place,Vance Joy,13267.0,1193540.0,13267.0,4,173,nan,,
2015-08-05,Edmonton,Canada,Rexall Place,Vance Joy,13267.0,1193540.0,13267.0,4,173,nan,,
2015-08-08,Seattle,United States,Centurylink Field,"Vance Joy
Shawn Mendes",55711.0,6050643.0,55711.0,4,51,nan,,
2015-08-14,Santa Clara,United States,Levi'S Stadium,"Vance Joy
Shawn Mendes",51070.0,6515573.0,51070.0,4,109,nan,,
2015-08-15,Santa Clara,United States,Levi'S Stadium,"Vance Joy
Shawn Mendes",51069.0,6515573.0,51069.0,4,109,nan,,
2015-08-17,Glendale,United States,Gila River Arena,Vance Joy,13260.0,1514814.0,13260.0,4,87,nan,,
2015-08-18,Glendale,United States,Gila River Arena,Vance Joy,13260.0,1514814.0,13260.0,4,87,nan,,
2015-08-21,Los Angeles,United States,Staples Center,"Vance Joy
Haim",14113.0,1792337.0,14113.0,4,0,nan,,
2015-08-22,Los Angeles,United States,Staples Center,"Vance Joy
Haim",14113.0,1792336.0,14113.0,4,0,nan,,
2015-08-24,Los Angeles,United States,Staples Center,"Vance Joy
Haim",14113.0,1792336.0,14113.0,4,0,nan,,
2015-08-25,Los Angeles,United States,Staples Center,"Vance Joy
Haim",14112.0,1792336.0,14112.0,4,0,nan,,
2015-08-26,Los Angeles,United States,Staples Center,"Vance Joy
Haim",14112.0,1792336.0,14112.0,4,0,nan,,
2015-08-29,San Diego,United States,Petco Park,"Vance Joy
Shawn Mendes",44710.0,5475237.0,44710.0,4,161,nan,,
2015-09-04,Salt Lake City,United States,Energysolutions Arena,Vance Joy,14131.0,1589686.0,14131.0,4,64,nan,,
2015-09-05,Denver,United States,Pepsi Center,Vance Joy,13563.0,1434496.0,13563.0,4,160,nan,,
2015-09-06,Denver,United States,Pepsi Center,Vance Joy,13563.0,1434495.0,13563.0,4,160,nan,,
2015-09-09,Houston,United States,Minute Maid Park,"Vance Joy
Shawn Mendes",40122.0,5202196.0,40122.0,4,130,nan,,
2015-09-11,Saint Paul,United States,Xcel Energy Center,Vance Joy,15042.0,1838288.0,15042.0,4,234,nan,,
2015-09-12,Saint Paul,United States,Xcel Energy Center,Vance Joy,15042.0,1838288.0,15042.0,4,234,nan,,
2015-09-13,Saint Paul,United States,Xcel Energy Center,Vance Joy,15042.0,1838287.0,15042.0,4,234,nan,,
2015-09-16,Indianapolis,United States,Bankers Life Fieldhouse,Vance Joy,14010.0,1550268.0,14010.0,4,29,nan,,
2015-09-17,Columbus,United States,Nationwide Arena,Vance Joy,14968.0,1684847.0,14968.0,4,139,nan,,
2015-09-18,Columbus,United States,Nationwide Arena,Vance Joy,14968.0,1684846.0,14968.0,4,139,nan,,
2015-09-21,Kansas City,United States,Sprint Center,Vance Joy,13929.0,1483779.0,13929.0,4,197,nan,,
2015-09-22,Kansas City,United States,Sprint Center,Vance Joy,13928.0,1483779.0,13928.0,4,197,nan,,
2015-09-25,Nashville,United States,Bridgestone Arena,"Vance Joy
Haim",14459.0,1677422.0,14459.0,4,40,nan,,
2015-09-26,Nashville,United States,Bridgestone Arena,"Vance Joy
Haim",14458.0,1677422.0,14458.0,4,40,nan,,
2015-09-28,St. Louis,United States,Scottrade Center,"Vance Joy
Haim",14844.0,1726470.0,14844.0,4,185,nan,,
2015-09-29,St. Louis,United States,Scottrade Center,"Vance Joy
Haim",14844.0,1726470.0,14844.0,4,185,nan,,
2015-10-02,Toronto,Canada,Rogers Centre,"Vance Joy
Shawn Mendes",49642.0,4335495.0,49642.0,4,177,nan,,
2015-10-03,Toronto,Canada,Rogers Centre,"Vance Joy
Shawn Mendes",49641.0,4335495.0,49641.0,4,177,nan,,
2015-10-08,Des Moines,United States,Wells Fargo Arena,Vance Joy,13969.0,1566321.0,13969.0,4,230,nan,,
2015-10-09,Omaha,United States,Centurylink Center Omaha,Vance Joy,14811.0,1560711.0,14811.0,4,50,nan,,
2015-10-10,Omaha,United States,Centurylink Center Omaha,Vance Joy,14811.0,1560710.0,14811.0,4,50,nan,,
2015-10-12,Fargo,United States,Fargodome,Vance Joy,21067.0,2219188.0,21067.0,4,71,nan,,
2015-10-17,Arlington,United States,At&T Stadium,"Vance Joy
Shawn Mendes",62630.0,7396733.0,62630.0,4,25,nan,,
2015-10-20,Lexington,United States,Rupp Arena,Vance Joy,17084.0,1870471.0,17084.0,4,180,nan,,
2015-10-21,Greensboro,United States,Greensboro Coliseum,Vance Joy,15079.0,1662171.0,15079.0,4,89,nan,,
2015-10-24,Atlanta,United States,Georgia Dome,"Vance Joy
Shawn Mendes",56046.0,6034846.0,56046.0,4,86,nan,,
2015-10-27,Miami,United States,American Airlines Arena,Vance Joy,14044.0,1527919.0,14044.0,4,13,nan,,
2015-10-31,Tampa,United States,Raymond James Stadium,"Vance Joy
Shawn Mendes",56987.0,6202515.0,56987.0,4,171,nan,,
2015-11-07,Singapore,Singapore,Singapore Indoor Stadium,—,8863.0,1608785.0,8863.0,4,187,nan,,
2015-11-08,Singapore,Singapore,Singapore Indoor Stadium,—,8863.0,1608784.0,8863.0,4,187,nan,,
2015-11-10,Shanghai,China,Mercedes-Benz Arena,—,12586.0,1972450.0,12586.0,4,125,nan,,
2015-11-11,Shanghai,China,Mercedes-Benz Arena,—,12586.0,1972449.0,12586.0,4,125,nan,,
2015-11-12,Shanghai,China,Mercedes-Benz Arena,—,12586.0,1972449.0,12586.0,4,125,nan,,
2015-11-28,Sydney,Australia,Anz Stadium,Vance Joy,75980.0,6571683.0,75980.0,4,20,nan,,
2015-12-05,Brisbane,Australia,Suncorp Stadium,Vance Joy,46881.0,4759471.0,46881.0,4,202,nan,,
2015-12-07,Adelaide,Australia,Adelaide Entertainment Centre,Vance Joy,10045.0,1203750.0,10045.0,4,6,nan,,
2015-12-08,Adelaide,Australia,Adelaide Entertainment Centre,Vance Joy,10045.0,1203749.0,10045.0,4,6,nan,,
2015-12-10,Melbourne,Australia,Aami Park,Vance Joy,32712.0,3473851.0,32712.0,4,2,nan,,
2015-12-11,Melbourne,Australia,Aami Park,Vance Joy,32712.0,3473851.0,32712.0,4,2,nan,,
2015-12-12,Melbourne,Australia,Aami Park,Vance Joy,32712.0,3473851.0,32712.0,4,2,nan,,
2018-05-08,Glendale,United States,University Of Phoenix Stadium,"Camila Cabello
Charli XCX",59157.0,7214478.0,59157.0,5,219,nan,,
2018-05-11,Santa Clara,United States,Levi'S Stadium,"Camila Cabello
Charli XCX",53775.0,7003482.0,53775.0,5,109,nan,,
2018-05-12,Santa Clara,United States,Levi'S Stadium,"Camila Cabello
Charli XCX",53775.0,7003481.0,53775.0,5,109,nan,,
2018-05-18,Pasadena,United States,Rose Bowl,"Camila Cabello
Charli XCX",59042.0,8125990.0,59042.0,5,178,nan,,
2018-05-19,Pasadena,United States,Rose Bowl,"Camila Cabello
Charli XCX",59042.0,8125990.0,59042.0,5,178,nan,,
2018-05-22,Seattle,United States,Centurylink Field,Charli XCX,56021.0,8672219.0,56021.0,5,51,nan,,
2018-05-25,Denver,United States,Sports Authority Field At Mile High,"Camila Cabello
Charli XCX",57140.0,7926366.0,57140.0,5,196,nan,,
2018-06-01,Chicago,United States,Soldier Field,"Camila Cabello
Charli XCX",52604.0,7288349.0,52604.0,5,192,nan,,
2018-06-02,Chicago,United States,Soldier Field,"Camila Cabello
Charli XCX",52604.0,7288348.0,52604.0,5,192,nan,,
2018-06-08,Manchester,England,Etihad Stadium,"Camila Cabello
Charli XCX",38629.0,3084862.0,38629.0,5,69,nan,,
2018-06-09,Manchester,England,Etihad Stadium,"Camila Cabello
Charli XCX",38629.0,3084862.0,38629.0,5,69,nan,,
2018-06-15,Dublin,Ireland,Croke Park,"Camila Cabello
Charli XCX",66517.0,4283885.0,66517.0,5,62,nan,,
2018-06-16,Dublin,Ireland,Croke Park,"Camila Cabello
Charli XCX",66517.0,4283884.0,66517.0,5,62,nan,,
2018-06-22,London,England,Wembley Stadium,"Camila Cabello
Charli XCX",71714.0,6107467.0,71714.0,5,232,nan,,
2018-06-23,London,England,Wembley Stadium,"Camila Cabello
Charli XCX",71713.0,6107466.0,71713.0,5,232,nan,,
2018-06-30,Louisville,United States,Cardinal Stadium,"Camila Cabello
Charli XCX",52138.0,4928219.0,52138.0,5,47,nan,,
2018-07-07,Columbus,United States,Ohio Stadium,"Camila Cabello
Charli XCX",62897.0,6606529.0,62897.0,5,150,nan,,
2018-07-10,Landover,United States,Fedexfield,"Camila Cabello
Charli XCX",47836.0,5698002.0,47836.0,5,72,nan,,
2018-07-11,Landover,United States,Fedexfield,"Camila Cabello
Charli XCX",47836.0,5698002.0,47836.0,5,72,nan,,
2018-07-13,Philadelphia,United States,Lincoln Financial Field,"Camila Cabello
Charli XCX",53689.0,5975524.0,53689.0,5,111,nan,,
2018-07-14,Philadelphia,United States,Lincoln Financial Field,"Camila Cabello
Charli XCX",53689.0,5975523.0,53689.0,5,111,nan,,
2018-07-17,Cleveland,United States,Firstenergy Stadium,"Camila Cabello
Charli XCX",51323.0,5148757.0,51323.0,5,75,nan,,
2018-07-20,East Rutherford,United States,Metlife Stadium,"Camila Cabello
Charli XCX",55218.0,7343796.0,55218.0,5,129,nan,,
2018-07-21,East Rutherford,United States,Metlife Stadium,"Camila Cabello
Charli XCX",55218.0,7343795.0,55218.0,5,129,nan,,
2018-07-22,East Rutherford,United States,Metlife Stadium,"Camila Cabello
Charli XCX",55218.0,7343795.0,55218.0,5,129,nan,,
2018-07-26,Foxborough,United States,Gillette Stadium,"Camila Cabello
Charli XCX",58255.0,7259949.0,58255.0,5,88,nan,,
2018-07-27,Foxborough,United States,Gillette Stadium,"Camila Cabello
Charli XCX",58255.0,7259949.0,58255.0,5,88,nan,,
2018-07-28,Foxborough,United States,Gillette Stadium,"Camila Cabello
Charli XCX",58254.0,7259948.0,58254.0,5,88,nan,,
2018-08-03,Toronto,Canada,Rogers Centre,"Camila Cabello
Charli XCX",50155.0,5588500.0,50155.0,5,177,nan,,
2018-08-04,Toronto,Canada,Rogers Centre,"Camila Cabello
Charli XCX",50155.0,5588500.0,50155.0,5,177,nan,,
2018-08-07,Pittsburgh,United States,Heinz Field,"Camila Cabello
Charli XCX",56445.0,6230876.0,56445.0,5,92,nan,,
2018-08-10,Atlanta,United States,Mercedes-Benz Stadium,"Camila Cabello
Charli XCX",58373.0,9044708.0,58373.0,5,126,nan,,
2018-08-11,Atlanta,United States,Mercedes-Benz Stadium,"Camila Cabello
Charli XCX",58373.0,9044707.0,58373.0,5,126,nan,,
2018-08-14,Tampa,United States,Raymond James Stadium,"Camila Cabello
Charli XCX",55909.0,7244264.0,55909.0,5,171,nan,,
2018-08-18,Miami Gardens,United States,Hard Rock Stadium,"Camila Cabello
Charli XCX",47818.0,7072164.0,47818.0,5,91,nan,,
2018-08-25,Nashville,United States,Nissan Stadium,"Camila Cabello
Charli XCX",56112.0,9007179.0,56112.0,5,144,nan,,
2018-08-28,Detroit,United States,Ford Field,"Camila Cabello
Charli XCX",49464.0,6597852.0,49464.0,5,79,nan,,
2018-08-31,Minneapolis,United States,U.S. Bank Stadium,"Camila Cabello
Charli XCX",49387.0,5121012.0,49387.0,5,217,nan,,
2018-09-01,Minneapolis,United States,U.S. Bank Stadium,"Camila Cabello
Charli XCX",49387.0,5121012.0,49387.0,5,217,nan,,
2018-09-08,Kansas City,United States,Arrowhead Stadium,"Camila Cabello
Charli XCX",58611.0,6730138.0,58611.0,5,22,nan,,
2018-09-15,Indianapolis,United States,Lucas Oil Stadium,"Camila Cabello
Charli XCX",55729.0,6531245.0,55729.0,5,113,nan,,
2018-09-18,St. Louis,United States,The Dome At America'S Center,"Camila Cabello
Charli XCX",47831.0,4884054.0,47831.0,5,206,nan,,
2018-09-22,New Orleans,United States,Mercedes-Benz Superdome,"Camila Cabello
Charli XCX",53172.0,6491546.0,53172.0,5,127,nan,,
2018-09-29,Houston,United States,Nrg Stadium,"Camila Cabello
Charli XCX",53800.0,9350275.0,53800.0,5,147,nan,,
2018-10-05,Arlington,United States,At&T Stadium,"Camila Cabello
Charli XCX",52501.0,7503079.0,52501.0,5,25,nan,,
2018-10-06,Arlington,United States,At&T Stadium,"Camila Cabello
Charli XCX",52501.0,7503078.0,52501.0,5,25,nan,,
2018-10-19,Perth,Australia,Optus Stadium,"Charli XCX
Broods",50891.0,4153658.0,50891.0,5,153,nan,,
2018-10-26,Melbourne,Australia,Marvel Stadium,"Charli XCX
Broods",63027.0,6755570.0,63027.0,5,120,nan,,
2018-11-02,Sydney,Australia,Anz Stadium,"Charli XCX
Broods",72805.0,7686564.0,72805.0,5,20,nan,,
2018-11-06,Brisbane,Australia,The Gabba,"Charli XCX
Broods",43907.0,4338127.0,43907.0,5,207,nan,,
2018-11-09,Auckland,New Zealand,Mount Smart Stadium,"Charli XCX
Broods",35749.0,3617593.0,35749.0,5,134,nan,,
2018-11-20,Tokyo,Japan,Tokyo Dome,Charli XCX,50055.0,7429924.0,50055.0,5,213,nan,,
2018-11-21,Tokyo,Japan,Tokyo Dome,Charli XCX,50054.0,7429923.0,50054.0,5,213,nan,,
2023-03-17,Glendale,United States,State Farm Stadium,Paramore Gayle,70000.0,,70000.0,6,201,nan,33.527283,-112.263275
2023-03-18,Glendale,United States,State Farm Stadium,Paramore Gayle,70000.0,,70000.0,6,201,nan,33.527283,-112.263275
2023-03-24,Paradise,United States,Allegiant Stadium,Beabadoobee Gayle,,,,6,8,nan,36.090794,-115.183952
2023-03-25,Paradise,United States,Allegiant Stadium,Beabadoobee Gayle,,,,6,8,nan,36.090794,-115.183952
2023-03-31,Arlington,United States,At&T Stadium,Muna Gayle,70203.0,,70203.0,6,25,nan,32.747841,-97.093628
2023-04-01,Arlington,United States,At&T Stadium,Beabadoobee Gracie Abrams,70202.0,,70202.0,6,25,nan,32.747841,-97.093628
2023-04-02,Arlington,United States,At&T Stadium,Beabadoobee Gracie Abrams,70202.0,,70202.0,6,25,nan,32.747841,-97.093628
2023-04-13,Tampa,United States,Raymond James Stadium,Beabadoobee Gayle,68820.0,,68820.0,6,171,nan,27.975958,-82.503693
2023-04-14,Tampa,United States,Raymond James Stadium,Beabadoobee Gracie Abrams,68820.0,,68820.0,6,171,nan,27.975958,-82.503693
2023-04-15,Tampa,United States,Raymond James Stadium,Beabadoobee Gracie Abrams,68819.0,,68819.0,6,171,nan,27.975958,-82.503693
2023-04-21,Houston,United States,Nrg Stadium,Beabadoobee Gracie Abrams,72220.0,,72220.0,6,147,nan,29.68486,-95.411667
2023-04-22,Houston,United States,Nrg Stadium,Beabadoobee Gracie Abrams,72220.0,,72220.0,6,147,nan,29.68486,-95.411667
2023-04-23,Houston,United States,Nrg Stadium,Beabadoobee Gracie Abrams,72220.0,,72220.0,6,147,nan,29.68486,-95.411667
2023-04-28,Atlanta,United States,Mercedes-Benz Stadium,Beabadoobee Gracie Abrams,70000.0,,70000.0,6,126,nan,33.755489,-84.401993
2023-04-29,Atlanta,United States,Mercedes-Benz Stadium,Beabadoobee Gracie Abrams,70000.0,,70000.0,6,126,nan,33.755489,-84.401993
2023-04-30,Atlanta,United States,Mercedes-Benz Stadium,Muna Gayle,70000.0,,70000.0,6,126,nan,33.755489,-84.401993
2023-05-05,Nashville,United States,Nissan Stadium,Phoebe Bridgers Gracie Abrams,71000.0,,71000.0,6,144,nan,36.166479,-86.7712898
2023-05-06,Nashville,United States,Nissan Stadium,Phoebe Bridgers Gayle,71000.0,,71000.0,6,144,nan,36.166479,-86.7712898
2023-05-07,Nashville,United States,Nissan Stadium,—,71000.0,,71000.0,6,144,nan,36.166479,-86.7712898
2023-05-12,Philadelphia,United States,Lincoln Financial Field,Phoebe Bridgers Gayle,67567.0,,67567.0,6,111,nan,39.900898,-75.168098
2023-05-13,Philadelphia,United States,Lincoln Financial Field,Phoebe Bridgers Gayle,67567.0,,67567.0,6,111,nan,39.900898,-75.168098
2023-05-14,Philadelphia,United States,Lincoln Financial Field,Phoebe Bridgers Gracie Abrams,67566.0,,67566.0,6,111,nan,39.900898,-75.168098
2023-05-19,Foxborough,United States,Gillette Stadium,Phoebe Bridgers Gayle,66667.0,,66667.0,6,88,nan,42.0878,-71.2587
2023-05-20,Foxborough,United States,Gillette Stadium,Phoebe Bridgers Gayle,66667.0,,66667.0,6,88,nan,42.0878,-71.2587
2023-05-21,Foxborough,United States,Gillette Stadium,Phoebe Bridgers Gracie Abrams,66666.0,,66666.0,6,88,nan,42.0878,-71.2587
2023-05-26,East Rutherford,United States,Metlife Stadium,Phoebe Bridgers Gayle,72545.0,,72545.0,6,129,nan,40.813778,-74.07431
2023-05-27,East Rutherford,United States,Metlife Stadium,Phoebe Bridgers Gracie Abrams,72545.0,,72545.0,6,129,nan,40.813778,-74.07431
2023-05-28,East Rutherford,United States,Metlife Stadium,Phoebe Bridgers Owenn,72545.0,,72545.0,6,129,nan,40.813778,-74.07431
2023-06-02,Chicago,United States,Soldier Field,Girl in Red Owenn,50000.0,,50000.0,6,192,nan,41.862366,-87.617256
2023-06-03,Chicago,United States,Soldier Field,Girl in Red Owenn,50000.0,,50000.0,6,192,nan,41.862366,-87.617256
2023-06-04,Chicago,United States,Soldier Field,Muna Gracie Abrams,50000.0,,50000.0,6,192,nan,41.862366,-87.617256
2023-06-09,Detroit,United States,Ford Field,Girl in Red Gracie Abrams,59331.0,,59331.0,6,79,nan,42.340115,-83.046341
2023-06-10,Detroit,United States,Ford Field,Girl in Red Owenn,59330.0,,59330.0,6,79,nan,42.340115,-83.046341
2023-06-16,Pittsburgh,United States,Acrisure Stadium,Girl in Red Gracie Abrams,73117.0,,73117.0,6,5,nan,40.4469,-80.0158
2023-06-17,Pittsburgh,United States,Acrisure Stadium,Girl in Red Owenn,73117.0,,73117.0,6,5,nan,40.4469,-80.0158
2023-06-23,Minneapolis,United States,U.S. Bank Stadium,Girl in Red Gracie Abrams,64453.0,,64453.0,6,217,nan,44.9737,-93.257
2023-06-24,Minneapolis,United States,U.S. Bank Stadium,Girl in Red Owenn,64453.0,,64453.0,6,217,nan,44.9737,-93.257
2023-06-30,Cincinnati,United States,Paycor Stadium,Muna Gracie Abrams,65000.0,,65000.0,6,158,nan,39.0955,-84.5161
2023-07-01,Cincinnati,United States,Paycor Stadium,Muna,65000.0,,65000.0,6,158,nan,39.0955,-84.5161
2023-07-07,Kansas City,United States,Geha Field At Arrowhead Stadium,Muna Gracie Abrams,55000.0,,55000.0,6,85,nan,39.049,-94.4839
2023-07-08,Kansas City,United States,Geha Field At Arrowhead Stadium,Muna Gracie Abrams,55000.0,,55000.0,6,85,nan,39.049,-94.4839
2023-07-14,Denver,United States,Empower Field At Mile High,Muna Gracie Abrams,75000.0,,75000.0,6,63,nan,39.7439,-105.0201
2023-07-15,Denver,United States,Empower Field At Mile High,Muna Gracie Abrams,75000.0,,75000.0,6,63,nan,39.7439,-105.0201
2023-07-22,Seattle,United States,Lumen Field,Haim Gracie Abrams,72171.0,,72171.0,6,114,nan,47.5952,-122.3316
2023-07-23,Seattle,United States,Lumen Field,Haim Gracie Abrams,72171.0,,72171.0,6,114,nan,47.5952,-122.3316
2023-07-28,Santa Clara,United States,Levi'S Stadium,Haim Gracie Abrams,70000.0,,70000.0,6,109,nan,37.403,-121.97
2023-07-29,Santa Clara,United States,Levi'S Stadium,Haim Gracie Abrams,70000.0,,70000.0,6,109,nan,37.403,-121.97
2023-08-03,Inglewood,United States,Sofi Stadium,Haim Gracie Abrams,70000.0,,70000.0,6,191,nan,33.9535,-118.3392
2023-08-04,Inglewood,United States,Sofi Stadium,Haim Owenn,70000.0,,70000.0,6,191,nan,33.9535,-118.3392
2023-08-05,Inglewood,United States,Sofi Stadium,Haim Gayle,70000.0,,70000.0,6,191,nan,33.9535,-118.3392
2023-08-07,Inglewood,United States,Sofi Stadium,Haim Gracie Abrams,70000.0,,70000.0,6,191,nan,33.9535,-118.3392
2023-08-08,Inglewood,United States,Sofi Stadium,Haim Gracie Abrams,70000.0,,70000.0,6,191,nan,33.9535,-118.3392
2023-08-09,Inglewood,United States,Sofi Stadium,Haim Gayle,70000.0,,70000.0,6,191,nan,33.9535,-118.3392
2023-08-24,Mexico City,Mexico,Foro Sol,Sabrina Carpenter,45000.0,,45000.0,6,81,nan,19.4042,-99.0907
2023-08-25,Mexico City,Mexico,Foro Sol,Sabrina Carpenter,45000.0,,45000.0,6,81,nan,19.4042,-99.0907
2023-08-26,Mexico City,Mexico,Foro Sol,Sabrina Carpenter,45000.0,,45000.0,6,81,nan,19.4042,-99.0907
2023-08-27,Mexico City,Mexico,Foro Sol,Sabrina Carpenter,45000.0,,45000.0,6,81,nan,19.4042,-99.0907
2023-11-09,Buenos Aires,Argentina,Estadio River Plate,Sabrina Carpenter Louta,73334.0,,73334.0,6,65,nan,-34.5455,-58.4494
2023-11-11,Buenos Aires,Argentina,Estadio River Plate,Sabrina Carpenter Louta,73333.0,,73333.0,6,65,nan,-34.5455,-58.4494
2023-11-12,Buenos Aires,Argentina,Estadio River Plate,Sabrina Carpenter Louta,73333.0,,73333.0,6,65,nan,-34.5455,-58.4494
2023-11-17,Rio De Janeiro,Brazil,Estádio Olímpico Nilton Santos,Sabrina Carpenter,60000.0,,60000.0,6,68,nan,,
2023-11-19,Rio De Janeiro,Brazil,Estádio Olímpico Nilton Santos,Sabrina Carpenter,60000.0,,60000.0,6,68,nan,,
2023-11-20,Rio De Janeiro,Brazil,Estádio Olímpico Nilton Santos,Sabrina Carpenter,60000.0,,60000.0,6,68,nan,,
2023-11-24,São Paulo,Brazil,Allianz Parque,Sabrina Carpenter,50000.0,,50000.0,6,9,nan,-23.5273,-46.678
2023-11-25,São Paulo,Brazil,Allianz Parque,Sabrina Carpenter,50000.0,,50000.0,6,9,nan,-23.5273,-46.678
2023-11-26,São Paulo,Brazil,Allianz Parque,Sabrina Carpenter,50000.0,,50000.0,6,9,nan,-23.5273,-46.678
2024-02-07,Tokyo,Japan,Tokyo Dome,—,55000.0,,55000.0,6,213,nan,35.7056,139.7519
2024-02-08,Tokyo,Japan,Tokyo Dome,—,55000.0,,55000.0,6,213,nan,35.7056,139.7519
2024-02-09,Tokyo,Japan,Tokyo Dome,—,55000.0,,55000.0,6,213,nan,35.7056,139.7519
2024-02-10,Tokyo,Japan,Tokyo Dome,—,55000.0,,55000.0,6,213,nan,35.7056,139.7519
2024-02-16,Melbourne,Australia,Melbourne Cricket Ground,Sabrina Carpenter,96000.0,,96000.0,6,123,nan,,
2024-02-17,Melbourne,Australia,Melbourne Cricket Ground,Sabrina Carpenter,96000.0,,96000.0,6,123,nan,,
2024-02-18,Melbourne,Australia,Melbourne Cricket Ground,Sabrina Carpenter,96000.0,,96000.0,6,123,nan,,
2024-02-23,Sydney,Australia,Accor Stadium,—,80000.0,,80000.0,6,3,nan,-33.8474,151.0631
2024-02-24,Sydney,Australia,Accor Stadium,Sabrina Carpenter,80000.0,,80000.0,6,3,nan,-33.8474,151.0631
2024-02-25,Sydney,Australia,Accor Stadium,Sabrina Carpenter,80000.0,,80000.0,6,3,nan,-33.8474,151.0631
2024-02-26,Sydney,Australia,Accor Stadium,Sabrina Carpenter,80000.0,,80000.0,6,3,nan,-33.8474,151.0631
2024-03-02,Singapore,Singapore,Singapore National Stadium,Sabrina Carpenter,63000.0,,63000.0,6,188,nan,,
2024-03-03,Singapore,Singapore,Singapore National Stadium,Sabrina Carpenter,63000.0,,63000.0,6,188,nan,,
2024-03-04,Singapore,Singapore,Singapore National Stadium,Sabrina Carpenter,63000.0,,63000.0,6,188,nan,,
2024-03-07,Singapore,Singapore,Singapore National Stadium,Sabrina Carpenter,63000.0,,63000.0,6,188,nan,,
2024-03-08,Singapore,Singapore,Singapore National Stadium,Sabrina Carpenter,63000.0,,63000.0,6,188,nan,,
2024-03-09,Singapore,Singapore,Singapore National Stadium,Sabrina Carpenter,63000.0,,63000.0,6,188,nan,,
2024-05-09,Nanterre,France,Paris La Défense Arena,Paramore,45000.0,,45000.0,7,157,nan,,
2024-05-10,Nanterre,France,Paris La Défense Arena,Paramore,45000.0,,45000.0,7,157,nan,,
2024-05-11,Nanterre,France,Paris La Défense Arena,Paramore,45000.0,,45000.0,7,157,nan,,
2024-05-12,Nanterre,France,Paris La Défense Arena,Paramore,45000.0,,45000.0,7,157,nan,,
2024-05-17,Stockholm,Sweden,Friends Arena,Paramore,59560.0,,59560.0,7,84,nan,59.3728,18.0006
2024-05-18,Stockholm,Sweden,Friends Arena,Paramore,59560.0,,59560.0,7,84,nan,59.3728,18.0006
2024-05-19,Stockholm,Sweden,Friends Arena,Paramore,59559.0,,59559.0,7,84,nan,59.3728,18.0006
2024-05-24,Lisbon,Portugal,Estádio Da Luz,Paramore,60000.0,,60000.0,7,67,nan,,
2024-05-25,Lisbon,Portugal,Estádio Da Luz,Paramore,60000.0,,60000.0,7,67,nan,,
2024-05-29,Madrid,Spain,Estadio Santiago Bernabéu,Paramore,65000.0,,65000.0,7,66,nan,,
2024-05-30,Madrid,Spain,Estadio Santiago Bernabéu,Paramore,65000.0,,65000.0,7,66,nan,,
2024-06-02,Décines-Charpieu,France,Groupama Stadium,Paramore,61000.0,,61000.0,7,90,nan,45.7652,4.9827
2024-06-03,Décines-Charpieu,France,Groupama Stadium,Paramore,61000.0,,61000.0,7,90,nan,45.7652,4.9827
2024-06-07,Edinburgh,Scotland,Murrayfield Stadium,Paramore,73000.0,,73000.0,7,136,nan,,
2024-06-08,Edinburgh,Scotland,Murrayfield Stadium,Paramore,73000.0,,73000.0,7,136,nan,,
2024-06-09,Edinburgh,Scotland,Murrayfield Stadium,Paramore,73000.0,,73000.0,7,136,nan,,
2024-06-13,Liverpool,England,Anfield,Paramore,62000.0,,62000.0,7,19,nan,,
2024-06-14,Liverpool,England,Anfield,Paramore,62000.0,,62000.0,7,19,nan,,
2024-06-15,Liverpool,England,Anfield,Paramore,62000.0,,62000.0,7,19,nan,,
2024-06-18,Cardiff,Wales,Principality Stadium,Paramore,70000.0,,70000.0,7,166,nan,51.4782,-3.1827
2024-06-21,London,England,Wembley Stadium,Paramore Mette,94139.0,,94139.0,7,232,nan,51.556,-0.2796
2024-06-22,London,England,Wembley Stadium,Paramore Griff,94139.0,,94139.0,7,232,nan,51.556,-0.2796
2024-06-23,London,England,Wembley Stadium,Paramore Benson Boone,94139.0,,94139.0,7,232,nan,51.556,-0.2796
2024-06-28,Dublin,Ireland,Aviva Stadium,Paramore,50000.0,,50000.0,7,26,nan,53.3351,-6.2285
2024-06-29,Dublin,Ireland,Aviva Stadium,Paramore,50000.0,,50000.0,7,26,nan,53.3351,-6.2285
2024-06-30,Dublin,Ireland,Aviva Stadium,Paramore,50000.0,,50000.0,7,26,nan,53.3351,-6.2285
2024-07-04,Amsterdam,Netherlands,Johan Cruyff Arena,Paramore,55000.0,,55000.0,7,102,nan,,
2024-07-05,Amsterdam,Netherlands,Johan Cruyff Arena,Paramore,55000.0,,55000.0,7,102,nan,,
2024-07-06,Amsterdam,Netherlands,Johan Cruyff Arena,Paramore,55000.0,,55000.0,7,102,nan,,
2024-07-09,Zürich,Switzerland,Letzigrund,Paramore,47500.0,,47500.0,7,108,nan,,
2024-07-10,Zürich,Switzerland,Letzigrund,Paramore,47500.0,,47500.0,7,108,nan,,
2024-07-13,Milan,Italy,San Siro,Paramore,80000.0,,80000.0,7,182,nan,,
2024-07-14,Milan,Italy,San Siro,Paramore,80000.0,,80000.0,7,182,nan,,
2024-07-17,Gelsenkirchen,Germany,Veltins-Arena,Paramore,60000.0,,60000.0,7,224,nan,51.5545,7.0675
2024-07-18,Gelsenkirchen,Germany,Veltins-Arena,Paramore,60000.0,,60000.0,7,224,nan,51.5545,7.0675
2024-07-19,Gelsenkirchen,Germany,Veltins-Arena,Paramore,60000.0,,60000.0,7,224,nan,51.5545,7.0675
2024-07-23,Hamburg,Germany,Volksparkstadion,Paramore,50000.0,,50000.0,7,227,nan,53.5875,9.8986
2024-07-24,Hamburg,Germany,Volksparkstadion,Paramore,50000.0,,50000.0,7,227,nan,53.5875,9.8986
2024-07-27,Munich,Germany,Olympiastadion,Paramore,74000.0,,74000.0,7,151,nan,48.1731,11.5466
2024-07-28,Munich,Germany,Olympiastadion,Paramore,74000.0,,74000.0,7,151,nan,48.1731,11.5466
2024-08-01,Warsaw,Poland,Pge Narodowy,Paramore,65000.0,,65000.0,7,162,nan,52.2394,21.0458
2024-08-02,Warsaw,Poland,Pge Narodowy,Paramore,65000.0,,65000.0,7,162,nan,52.2394,21.0458
2024-08-03,Warsaw,Poland,Pge Narodowy,Paramore,65000.0,,65000.0,7,162,nan,52.2394,21.0458
2024-08-15,London,England,Wembley Stadium,Paramore  Sofia Isella,94139.0,,94139.0,7,232,nan,51.556,-0.2796
2024-08-16,London,England,Wembley Stadium,Paramore  Holly Humberstone,94139.0,,94139.0,7,232,nan,51.556,-0.2796
2024-08-17,London,England,Wembley Stadium,Paramore  Suki Waterhouse,94139.0,,94139.0,7,232,nan,51.556,-0.2796
2024-08-19,London,England,Wembley Stadium,Paramore  Maisie Peters,94139.0,,94139.0,7,232,nan,51.556,-0.2796
2024-08-20,London,England,Wembley Stadium,Paramore  Raye,94139.0,,94139.0,7,232,nan,51.556,-0.2796
2024-10-18,Miami Gardens,United States,Hard Rock Stadium,Gracie Abrams,61000.0,,61000.0,7,91,nan,25.958,-80.2389
2024-10-19,Miami Gardens,United States,Hard Rock Stadium,Gracie Abrams,61000.0,,61000.0,7,91,nan,25.958,-80.2389
2024-10-20,Miami Gardens,United States,Hard Rock Stadium,Gracie Abrams,61000.0,,61000.0,7,91,nan,25.958,-80.2389
2024-10-25,New Orleans,United States,Caesars Superdome,Gracie Abrams,65000.0,,65000.0,7,44,nan,,
2024-10-26,New Orleans,United States,Caesars Superdome,Gracie Abrams,65000.0,,65000.0,7,44,nan,,
2024-10-27,New Orleans,United States,Caesars Superdome,Gracie Abrams,65000.0,,65000.0,7,44,nan,,
2024-11-01,Indianapolis,United States,Lucas Oil Stadium,Gracie Abrams,69000.0,,69000.0,7,113,nan,39.7601,-86.1639
2024-11-02,Indianapolis,United States,Lucas Oil Stadium,Gracie Abrams,69000.0,,69000.0,7,113,nan,39.7601,-86.1639
2024-11-03,Indianapolis,United States,Lucas Oil Stadium,Gracie Abrams,69000.0,,69000.0,7,113,nan,39.7601,-86.1639
2024-11-14,Toronto,Canada,Rogers Centre,Gracie Abrams,47870.0,,47870.0,7,177,nan,,
2024-11-15,Toronto,Canada,Rogers Centre,Gracie Abrams,47870.0,,47870.0,7,177,nan,,
2024-11-16,Toronto,Canada,Rogers Centre,Gracie Abrams,47870.0,,47870.0,7,177,nan,,
2024-11-21,Toronto,Canada,Rogers Centre,Gracie Abrams,47870.0,,47870.0,7,177,nan,,
2024-11-22,Toronto,Canada,Rogers Centre,Gracie Abrams,47870.0,,47870.0,7,177,nan,,
2024-11-23,Toronto,Canada,Rogers Centre,Gracie Abrams,47870.0,,47870.0,7,177,nan,,
2024-12-06,Vancouver,Canada,Bc Place,Gracie Abrams,53334.0,,53334.0,7,31,nan,49.2768,-123.1116
2024-12-07,Vancouver,Canada,Bc Place,Gracie Abrams,53333.0,,53333.0,7,31,nan,49.2768,-123.1116
2024-12-08,Vancouver,Canada,Bc Place,Gracie Abrams,53333.0,,53333.0,7,31,nan,49.2768,-123.1116
,Total,Total,Total,Total,10168008.0,,,7,0,nan,,
